origin,destination,departure_date,airline,price_total,currency,number_of_stops,departure_time,arrival_time,duration,ingested_at
JFK,LAX,2026-06-10,AS,166.86,EUR,1,2026-06-10T07:00:00,2026-06-10T16:59:00,PT12H59M,2026-03-07T20:54:40.263880+00:00
JFK,LAX,2026-06-10,B6,167.01,EUR,0,2026-06-10T05:59:00,2026-06-10T08:55:00,PT5H56M,2026-03-07T20:54:40.263919+00:00
JFK,LAX,2026-06-10,B6,167.01,EUR,0,2026-06-10T06:59:00,2026-06-10T09:59:00,PT6H,2026-03-07T20:54:40.263929+00:00
JFK,LAX,2026-06-10,B6,167.01,EUR,0,2026-06-10T08:00:00,2026-06-10T11:00:00,PT6H,2026-03-07T20:54:40.263936+00:00
JFK,LAX,2026-06-10,B6,167.01,EUR,0,2026-06-10T09:00:00,2026-06-10T12:00:00,PT6H,2026-03-07T20:54:40.263942+00:00
JFK,LAX,2026-06-10,B6,167.01,EUR,0,2026-06-10T10:40:00,2026-06-10T13:40:00,PT6H,2026-03-07T20:54:40.263947+00:00
JFK,LAX,2026-06-10,B6,167.01,EUR,0,2026-06-10T12:10:00,2026-06-10T15:10:00,PT6H,2026-03-07T20:54:40.263952+00:00
JFK,LAX,2026-06-10,B6,167.01,EUR,0,2026-06-10T17:00:00,2026-06-10T20:13:00,PT6H13M,2026-03-07T20:54:40.263957+00:00
JFK,LAX,2026-06-10,B6,167.01,EUR,0,2026-06-10T21:55:00,2026-06-11T01:09:00,PT6H14M,2026-03-07T20:54:40.263962+00:00
JFK,LAX,2026-06-10,B6,167.01,EUR,0,2026-06-10T15:45:00,2026-06-10T19:05:00,PT6H20M,2026-03-07T20:54:40.263978+00:00
JFK,DFW,2026-06-10,B6,183.51,EUR,1,2026-06-10T09:00:00,2026-06-10T18:07:00,PT10H7M,2026-03-07T20:54:42.629472+00:00
JFK,DFW,2026-06-10,B6,256.61,EUR,1,2026-06-10T06:30:00,2026-06-10T18:07:00,PT12H37M,2026-03-07T20:54:42.629539+00:00
LHR,JFK,2026-06-10,FI,376.08,EUR,1,2026-06-10T13:05:00,2026-06-10T19:10:00,PT11H5M,2026-03-07T20:54:48.051106+00:00
LHR,JFK,2026-06-10,FI,376.08,EUR,1,2026-06-10T13:05:00,2026-06-10T22:35:00,PT14H30M,2026-03-07T20:54:48.051140+00:00
LHR,JFK,2026-06-10,TP,398.02,EUR,1,2026-06-10T11:20:00,2026-06-10T20:05:00,PT13H45M,2026-03-07T20:54:48.051150+00:00
LHR,JFK,2026-06-10,TP,398.02,EUR,1,2026-06-10T08:00:00,2026-06-10T20:05:00,PT17H5M,2026-03-07T20:54:48.051159+00:00
LHR,JFK,2026-06-10,FI,406.47,EUR,1,2026-06-10T21:25:00,2026-06-11T19:10:00,PT26H45M,2026-03-07T20:54:48.051167+00:00
LHR,JFK,2026-06-10,FI,406.47,EUR,1,2026-06-10T21:25:00,2026-06-11T22:35:00,PT30H10M,2026-03-07T20:54:48.051175+00:00
LHR,JFK,2026-06-10,UA,414.17,EUR,1,2026-06-10T06:50:00,2026-06-10T13:00:00,PT11H10M,2026-03-07T20:54:48.051183+00:00
LHR,JFK,2026-06-10,VS,424.80,EUR,1,2026-06-10T09:55:00,2026-06-10T15:25:00,PT10H30M,2026-03-07T20:54:48.051195+00:00
LHR,JFK,2026-06-10,VS,424.80,EUR,1,2026-06-10T17:10:00,2026-06-10T22:50:00,PT10H40M,2026-03-07T20:54:48.051203+00:00
LHR,JFK,2026-06-10,VS,424.80,EUR,1,2026-06-10T08:40:00,2026-06-10T15:25:00,PT11H45M,2026-03-07T20:54:48.051210+00:00
CDG,JFK,2026-06-10,6X,162.27,EUR,0,2026-06-10T10:30:00,2026-06-10T12:45:00,PT8H15M,2026-03-07T20:54:51.435132+00:00
CDG,JFK,2026-06-10,6X,162.27,EUR,0,2026-06-10T13:30:00,2026-06-10T17:00:00,PT9H30M,2026-03-07T20:54:51.435169+00:00
CDG,JFK,2026-06-10,6X,162.27,EUR,0,2026-06-10T08:00:00,2026-06-10T13:00:00,PT11H,2026-03-07T20:54:51.435177+00:00
CDG,JFK,2026-06-10,6X,162.27,EUR,0,2026-06-10T09:00:00,2026-06-10T15:00:00,PT12H,2026-03-07T20:54:51.435183+00:00
CDG,JFK,2026-06-10,6X,229.42,EUR,1,2026-06-10T09:25:00,2026-06-10T13:50:00,PT10H25M,2026-03-07T20:54:51.435189+00:00
CDG,JFK,2026-06-10,6X,229.42,EUR,1,2026-06-10T08:00:00,2026-06-10T12:55:00,PT10H55M,2026-03-07T20:54:51.435194+00:00
CDG,JFK,2026-06-10,6X,229.42,EUR,1,2026-06-10T11:30:00,2026-06-10T16:25:00,PT10H55M,2026-03-07T20:54:51.435199+00:00
CDG,JFK,2026-06-10,6X,229.42,EUR,1,2026-06-10T09:25:00,2026-06-10T14:50:00,PT11H25M,2026-03-07T20:54:51.435205+00:00
CDG,JFK,2026-06-10,6X,229.42,EUR,1,2026-06-10T15:10:00,2026-06-10T21:00:00,PT11H50M,2026-03-07T20:54:51.435210+00:00
CDG,JFK,2026-06-10,6X,229.42,EUR,1,2026-06-10T18:00:00,2026-06-11T09:00:00,PT21H,2026-03-07T20:54:51.435215+00:00
YYZ,DFW,2026-06-10,AC,254.62,EUR,0,2026-06-10T08:30:00,2026-06-10T10:52:00,PT3H22M,2026-03-07T20:54:54.817974+00:00
YYZ,DFW,2026-06-10,AC,254.62,EUR,0,2026-06-10T20:00:00,2026-06-10T22:22:00,PT3H22M,2026-03-07T20:54:54.818011+00:00
YYZ,DFW,2026-06-10,AC,257.53,EUR,1,2026-06-10T16:00:00,2026-06-10T21:30:00,PT6H30M,2026-03-07T20:54:54.818021+00:00
YYZ,DFW,2026-06-10,UA,259.45,EUR,1,2026-06-10T10:19:00,2026-06-10T14:50:00,PT5H31M,2026-03-07T20:54:54.818028+00:00
YYZ,DFW,2026-06-10,UA,259.45,EUR,1,2026-06-10T14:50:00,2026-06-10T20:04:00,PT6H14M,2026-03-07T20:54:54.818034+00:00
YYZ,DFW,2026-06-10,UA,259.45,EUR,1,2026-06-10T15:50:00,2026-06-10T21:28:00,PT6H38M,2026-03-07T20:54:54.818039+00:00
YYZ,DFW,2026-06-10,UA,259.45,EUR,1,2026-06-10T10:15:00,2026-06-10T16:34:00,PT7H19M,2026-03-07T20:54:54.818046+00:00
YYZ,DFW,2026-06-10,UA,259.45,EUR,1,2026-06-10T12:45:00,2026-06-10T20:04:00,PT8H19M,2026-03-07T20:54:54.818052+00:00
YYZ,DFW,2026-06-10,UA,259.45,EUR,1,2026-06-10T07:30:00,2026-06-10T15:52:00,PT9H22M,2026-03-07T20:54:54.818058+00:00
YYZ,DFW,2026-06-10,UA,259.45,EUR,1,2026-06-10T10:19:00,2026-06-10T19:38:00,PT10H19M,2026-03-07T20:54:54.818065+00:00
